blockNumber,timestamp
21586740,1736423531
22184299,1743633935
22726782,1750194251
23582765,1760527319
21763030,1738550063
21912733,1740358451
21941888,1740710075
21974741,1741105967
21998457,1741392227
22001831,1741432931
22018863,1741638599
22028168,1741750931
22097249,1742584223
22203502,1743865619
22207188,1743910103
22209410,1743936935
22248781,1744411619
22271274,1744682531
22279173,1744777811
22298917,1745015867
22375879,1745943731
22412896,1746391967
23065827,1754287895
23429054,1758670571
23539704,1760007167
