date,price,ret
2023-01-20,1658.52,
2023-01-21,1626.66,-0.019209897981332658
2023-01-22,1627.44,0.0004795101619268216
2023-01-23,1626.29,-0.000706631273656888
2023-01-24,1555.97,-0.04323952062670244
2023-01-25,1611.94,0.03597113054878953
2023-01-26,1601.09,-0.006731019765003787
2023-01-27,1597.62,-0.002167273544897541
2023-01-28,1572.1,-0.01597376096944203
2023-01-29,1644.72,0.046192990267794665
2023-01-30,1566.2,-0.04774064886424434
2023-01-31,1585.33,0.01221427659302754
2023-02-01,1641.68,0.035544650009777135
2023-02-02,1643.12,0.0008771502363431605
2023-02-03,1663.52,0.012415404839573485
2023-02-04,1666.38,0.0017192459363277734
2023-02-05,1629.02,-0.022419856215269096
2023-02-06,1614.29,-0.009042246258486708
2023-02-07,1671.03,0.035148579251559564
2023-02-08,1650.43,-0.012327726013297124
2023-02-09,1545.35,-0.06366825615142735
2023-02-10,1513.06,-0.02089494289319571
2023-02-11,1538.51,0.016820218629796546
2023-02-12,1514.83,-0.015391515167272218
2023-02-13,1505.24,-0.0063307433837459515
2023-02-14,1555.71,0.033529536818049044
2023-02-15,1674.92,0.07662739199465207
2023-02-16,1637.84,-0.02213837078785863
2023-02-17,1693.87,0.034209690812289306
2023-02-18,1691.62,-0.0013283191744348777
2023-02-19,1679.75,-0.007016942339295951
2023-02-20,1703.27,0.014002083643399388
2023-02-21,1659.76,-0.02554498112454273
2023-02-22,1643.14,-0.010013495927121974
2023-02-23,1650.53,0.004497486519712268
2023-02-24,1607.8,-0.025888653947519935
2023-02-25,1594.58,-0.008222415723348697
2023-02-26,1641.36,0.029336878676516687
2023-02-27,1633.45,-0.004819174343227428
2023-02-28,1605.23,-0.01727631699776544
2023-03-01,1665.22,0.03737159160992509
2023-03-02,1647.86,-0.010425048942482196
2023-03-03,1569.45,-0.04758292573398215
2023-03-04,1566.73,-0.0017330912102966334
2023-03-05,1564.58,-0.0013722849501829337
2023-03-06,1565.84,0.0008053279474362629
2023-03-07,1561.96,-0.002477903234046841
2023-03-08,1532.38,-0.01893774488463207
2023-03-09,1437.32,-0.06203422127670688
2023-03-10,1426.44,-0.007569643503186452
2023-03-11,1471.97,0.03191862258489664
2023-03-12,1580.33,0.07361563075334399
2023-03-13,1673.45,0.05892440186543335
2023-03-14,1699.4,0.015506886970031886
2023-03-15,1649.96,-0.029092620925032397
2023-03-16,1673.73,0.01440640985235997
2023-03-17,1789.27,0.0690314447372038
2023-03-18,1758.84,-0.017006935789456112
2023-03-19,1780.68,0.012417275022173824
2023-03-20,1732.78,-0.026899836017701184
2023-03-21,1801.23,0.039502995186925016
2023-03-22,1734.33,-0.03714128678736206
2023-03-23,1813.79,0.04581596351328754
2023-03-24,1749.57,-0.03540652445983272
2023-03-25,1741.88,-0.004395365718433575
2023-03-26,1773.88,0.018370955519323884
2023-03-27,1715.22,-0.03306875324148195
2023-03-28,1772.99,0.033680810624876045
2023-03-29,1793.07,0.011325500989853188
2023-03-30,1793.61,0.00030115946393616255
2023-03-31,1821.52,0.015560796382714237
2023-04-01,1820.79,-0.00040076419693446663
2023-04-02,1794.51,-0.01443329543769456
2023-04-03,1810.51,0.008916082941861525
2023-04-04,1870.37,0.03306250724933846
2023-04-05,1908.69,0.02048792484909412
2023-04-06,1872.41,-0.019007801162053584
2023-04-07,1863.72,-0.004641077541777783
2023-04-08,1848.82,-0.00799476316184844
2023-04-09,1858.92,0.005462943931805242
2023-04-10,1910.2,0.027585910098336663
2023-04-11,1889.86,-0.010648099675426681
2023-04-12,1917.39,0.014567216619220558
2023-04-13,2012.01,0.049348332890022384
2023-04-14,2099.99,0.043727416861745194
2023-04-15,2090.6,-0.004471449864046906
2023-04-16,2118.67,0.013426767435186227
2023-04-17,2074.0,-0.02108398193206118
2023-04-18,2103.5,0.014223722275795492
2023-04-19,1933.73,-0.08070834323746134
2023-04-20,1942.98,0.004783501316109273
2023-04-21,1848.78,-0.04848222832967919
2023-04-22,1874.16,0.013727971959887064
2023-04-23,1862.0,-0.006488240064882467
2023-04-24,1841.84,-0.010827067669172963
2023-04-25,1866.1,0.013171610997698036
2023-04-26,1866.01,-4.822892663836065e-05
2023-04-27,1908.68,0.022866972845804634
2023-04-28,1890.94,-0.009294381457342293
2023-04-29,1907.8,0.008916200408262576
2023-04-30,1870.09,-0.019766222874515127
2023-05-01,1830.73,-0.02104711537947368
2023-05-02,1870.08,0.02149415806809296
2023-05-03,1905.12,0.01873716632443534
2023-05-04,1877.07,-0.014723481985386755
2023-05-05,1993.3,0.06192097257960549
2023-05-06,1896.33,-0.04864797070185123
2023-05-07,1870.4,-0.013673780407418401
2023-05-08,1847.56,-0.012211291702309723
2023-05-09,1846.52,-0.0005629045876723859
2023-05-10,1840.84,-0.0030760565821112973
2023-05-11,1794.3,-0.02528193650724664
2023-05-12,1807.45,0.0073287633060246105
2023-05-13,1795.11,-0.006827298127195847
2023-05-14,1799.21,0.002283982597166778
2023-05-15,1816.2,0.00944303333129537
2023-05-16,1824.21,0.004410307234886002
2023-05-17,1822.12,-0.0011457014269191657
2023-05-18,1800.56,-0.011832371084231519
2023-05-19,1812.32,0.006531301372906251
2023-05-20,1819.42,0.003917630440540387
2023-05-21,1804.91,-0.007975068978025912
2023-05-22,1817.35,0.006892310419910119
2023-05-23,1854.05,0.0201942388642804
2023-05-24,1799.89,-0.029211725681615897
2023-05-25,1805.6,0.00317241609209451
2023-05-26,1827.79,0.012289543642002743
2023-05-27,1829.89,0.0011489284874084404
2023-05-28,1908.64,0.04303537371098809
2023-05-29,1892.6,-0.008403889680610344
2023-05-30,1900.59,0.004221705590193414
2023-05-31,1873.63,-0.014185068847042182
2023-06-01,1861.78,-0.006324621189882862
2023-06-02,1906.68,0.02411670551837486
2023-06-03,1892.06,-0.007667778547003179
2023-06-04,1890.01,-0.0010834751540648169
2023-06-05,1810.5,-0.042068560483806916
2023-06-06,1884.64,0.04095001380834029
2023-06-07,1832.13,-0.027862085066644005
2023-06-08,1845.64,0.007373930889183589
2023-06-09,1840.37,-0.002855378080232396
2023-06-10,1751.53,-0.04827290164477793
2023-06-11,1752.76,0.0007022431816754438
2023-06-12,1742.57,-0.0058136881261553475
2023-06-13,1740.12,-0.0014059693441296206
2023-06-14,1650.95,-0.051243592395926685
2023-06-15,1666.96,0.009697446924497921
2023-06-16,1717.92,0.030570619570955637
2023-06-17,1727.76,0.005727856943280152
2023-06-18,1720.95,-0.003941519655507708
2023-06-19,1737.11,0.009390162410296554
2023-06-20,1791.99,0.03159270282250404
2023-06-21,1889.11,0.05419673100854361
2023-06-22,1872.01,-0.00905188157386283
2023-06-23,1892.63,0.011014898424688058
2023-06-24,1874.96,-0.009336214685384925
2023-06-25,1898.8,0.012714937918675506
2023-06-26,1858.97,-0.0209764061512534
2023-06-27,1889.58,0.01646610757570044
2023-06-28,1828.02,-0.03257866827548972
2023-06-29,1851.99,0.013112548002757185
2023-06-30,1933.79,0.04416870501460579
2023-07-01,1924.5,-0.0048040376669648
2023-07-02,1937.48,0.006744608989347922
2023-07-03,1955.54,0.009321386543345023
2023-07-04,1936.2,-0.00988985139654519
2023-07-05,1910.36,-0.013345728747030328
2023-07-06,1846.17,-0.03360099667078442
2023-07-07,1870.91,0.01340071607706772
2023-07-08,1865.24,-0.003030610772298048
2023-07-09,1862.8,-0.0013081426518839478
2023-07-10,1880.4,0.009448142581060859
2023-07-11,1878.3,-0.001116783663050458
2023-07-12,1871.82,-0.003449928126497359
2023-07-13,2004.49,0.07087754164396154
2023-07-14,1937.83,-0.03325534175775391
2023-07-15,1931.41,-0.0033129841110932645
2023-07-16,1922.11,-0.004815135056772113
2023-07-17,1911.2,-0.005676053919910884
2023-07-18,1897.21,-0.007320008371703657
2023-07-19,1888.63,-0.004522430305553882
2023-07-20,1891.59,0.0015672736322094316
2023-07-21,1891.73,7.401181017030467e-05
2023-07-22,1866.52,-0.013326426075602749
2023-07-23,1888.73,0.011899149218867144
2023-07-24,1850.0,-0.02050584255028509
2023-07-25,1857.66,0.004140540540540583
2023-07-26,1872.0,0.00771938890862689
2023-07-27,1861.28,-0.0057264957264957506
2023-07-28,1874.19,0.006936086993896806
2023-07-29,1880.46,0.0033454452323402606
2023-07-30,1861.79,-0.00992842176914166
2023-07-31,1856.14,-0.0030347139043608307
2023-08-01,1873.47,0.009336580214854395
2023-08-02,1839.9,-0.017918621595221618
2023-08-03,1835.81,-0.0022229468992880363
2023-08-04,1830.23,-0.0030395302346103437
2023-08-05,1836.48,0.003414871354966209
2023-08-06,1830.28,-0.0033760236975083346
2023-08-07,1829.1,-0.0006447100990012444
2023-08-08,1856.3,0.01487070143786573
2023-08-09,1855.35,-0.0005117707267144889
2023-08-10,1852.47,-0.0015522677661895523
2023-08-11,1848.84,-0.0019595459035774976
2023-08-12,1849.93,0.0005895588585276279
2023-08-13,1840.73,-0.004973161146638039
2023-08-14,1845.5,0.0025913632091616456
2023-08-15,1828.98,-0.008951503657545379
2023-08-16,1807.81,-0.011574757515117717
2023-08-17,1681.49,-0.06987459965372467
2023-08-18,1661.59,-0.011834741806374116
2023-08-19,1669.67,0.004862812125735028
2023-08-20,1685.24,0.009325195996813695
2023-08-21,1667.55,-0.010497021195794098
2023-08-22,1634.99,-0.019525651404755484
2023-08-23,1679.61,0.027290686793191243
2023-08-24,1661.16,-0.010984692875131596
2023-08-25,1653.8,-0.00443063883069672
2023-08-26,1647.04,-0.004087555931793441
2023-08-27,1658.33,0.00685472119681374
2023-08-28,1653.08,-0.0031658355092171186
2023-08-29,1729.42,0.04618046313548052
2023-08-30,1705.23,-0.013987348359565721
2023-08-31,1645.76,-0.034875060842232464
2023-09-01,1629.12,-0.010110830254715153
2023-09-02,1637.03,0.004855382046749179
2023-09-03,1635.84,-0.0007269262017189915
2023-09-04,1630.51,-0.0032582648669796654
2023-09-05,1634.45,0.0024164218557383155
2023-09-06,1633.15,-0.0007953745908408916
2023-09-07,1648.11,0.009160211860514744
2023-09-08,1636.44,-0.007080838050858129
2023-09-09,1635.54,-0.0005499743345310781
2023-09-10,1617.42,-0.011078909717891272
2023-09-11,1551.85,-0.04053987214205346
2023-09-12,1592.97,0.026497406321487338
2023-09-13,1607.62,0.009196657815275788
2023-09-14,1626.47,0.011725407745611705
2023-09-15,1641.29,0.00911175736410752
2023-09-16,1634.4,-0.004197917491729042
2023-09-17,1622.48,-0.007293196279980485
2023-09-18,1636.66,0.008739707115033912
2023-09-19,1643.12,0.003947062920826472
2023-09-20,1622.26,-0.012695360046740323
2023-09-21,1583.94,-0.023621367721573527
2023-09-22,1593.08,0.0057704205967397115
2023-09-23,1593.86,0.0004896175961031091
2023-09-24,1580.71,-0.008250410952028275
2023-09-25,1588.33,0.004820618582788594
2023-09-26,1594.01,0.0035760830557882706
2023-09-27,1598.64,0.002904624186799376
2023-09-28,1652.99,0.03399764800080063
2023-09-29,1667.45,0.008747784318114515
2023-09-30,1670.89,0.002063030375723418
2023-10-01,1733.79,0.03764460856190399
2023-10-02,1662.4,-0.04117569025083767
2023-10-03,1656.88,-0.0033205004812318917
2023-10-04,1646.58,-0.006216503307421295
2023-10-05,1611.79,-0.021128642398182906
2023-10-06,1645.03,0.0206230340180793
2023-10-07,1633.57,-0.006966438302037026
2023-10-08,1632.84,-0.00044687402437604273
2023-10-09,1580.13,-0.03228117880502668
2023-10-10,1567.63,-0.00791074152126725
2023-10-11,1566.87,-0.00048480827746355537
2023-10-12,1539.61,-0.017397741995187843
2023-10-13,1552.16,0.008151414968726067
2023-10-14,1554.94,0.001791052468817611
2023-10-15,1557.77,0.001820005916626899
2023-10-16,1599.42,0.02673693805889199
2023-10-17,1565.01,-0.02151404884270558
2023-10-18,1563.44,-0.001003188478028827
2023-10-19,1566.57,0.0020019955994472483
2023-10-20,1603.89,0.023822746509891246
2023-10-21,1628.94,0.015618278061463098
2023-10-22,1663.7,0.02133903028963613
2023-10-23,1765.46,0.061164873474785164
2023-10-24,1784.98,0.011056608475978003
2023-10-25,1787.15,0.0012156998957972842
2023-10-26,1803.38,0.00908149847522588
2023-10-27,1779.4,-0.013297252936153248
2023-10-28,1776.2,-0.0017983589974148728
2023-10-29,1795.14,0.010663213602071897
2023-10-30,1809.04,0.007743128669630117
2023-10-31,1814.67,0.003112147879538396
2023-11-01,1846.99,0.017810400789124214
2023-11-02,1800.8,-0.025008256677080065
2023-11-03,1832.71,0.01771990226565978
2023-11-04,1855.54,0.012456962640024827
2023-11-05,1891.71,0.019492977785442456
2023-11-06,1900.95,0.004884469606863728
2023-11-07,1885.27,-0.008248507325284704
2023-11-08,1888.12,0.001511719806712053
2023-11-09,2121.32,0.12350909899794527
2023-11-10,2077.72,-0.020553240435200903
2023-11-11,2053.17,-0.011815836590108209
2023-11-12,2044.68,-0.00413506918569817
2023-11-13,2053.65,0.0043869945419332534
2023-11-14,1979.39,-0.036160007791006255
2023-11-15,2058.48,0.0399567543536139
2023-11-16,1961.77,-0.04698126773153011
2023-11-17,1960.82,-0.00048425656422523833
2023-11-18,1962.6,0.0009077834783406402
2023-11-19,2011.47,0.024900642005502904
2023-11-20,2021.4,0.004936688093782227
2023-11-21,1933.01,-0.04372711981794797
2023-11-22,2063.21,0.06735609231199002
2023-11-23,2062.2,-0.000489528453235577
2023-11-24,2080.84,0.009038890505285835
2023-11-25,2083.09,0.0010812940927702464
2023-11-26,2062.33,-0.00996596402459815
2023-11-27,2027.5,-0.016888664762671368
2023-11-28,2048.14,0.010180024660912501
2023-11-29,2028.81,-0.009437831398244279
2023-11-30,2051.96,0.01141062987662722
2023-12-01,2087.24,0.017193317608530156
2023-12-02,2164.74,0.03713037312431733
2023-12-03,2192.95,0.013031588089100765
2023-12-04,2243.37,0.02299186027953226
2023-12-05,2293.33,0.022270066908267383
2023-12-06,2232.7,-0.02643753842665475
2023-12-07,2355.73,0.05510368611994454
2023-12-08,2358.72,0.0012692456266210073
2023-12-09,2340.49,-0.007728768145434772
2023-12-10,2352.39,0.005084405402287606
2023-12-11,2225.12,-0.05410242349270311
2023-12-12,2203.46,-0.009734306464370346
2023-12-13,2260.16,0.025732257449647244
2023-12-14,2315.32,0.024405351833498568
2023-12-15,2220.5,-0.04095330235129491
2023-12-16,2228.96,0.0038099527133528266
2023-12-17,2196.52,-0.014553872658100708
2023-12-18,2219.43,0.010430134940724312
2023-12-19,2177.91,-0.01870750598126547
2023-12-20,2202.17,0.011139119614676618
2023-12-21,2239.61,0.017001412243378144
2023-12-22,2324.54,0.0379217810243746
2023-12-23,2308.2,-0.007029347741918879
2023-12-24,2264.05,-0.01912745862576881
2023-12-25,2271.35,0.003224310417172749
2023-12-26,2230.88,-0.017817597464063084
2023-12-27,2378.35,0.0661039589758301
2023-12-28,2344.15,-0.0143797170307145
2023-12-29,2299.2,-0.019175394066079487
2023-12-30,2291.68,-0.0032707028531663296
2023-12-31,2281.87,-0.004280702366822542
2024-01-01,2352.04,0.030751094497057263
2024-01-02,2355.34,0.0014030373633102666
2024-01-03,2209.72,-0.061825468934421535
2024-01-04,2267.11,0.025971616313379187
2024-01-05,2268.78,0.0007366206315528867
2024-01-06,2240.78,-0.012341434603619583
2024-01-07,2221.42,-0.008639848624139912
2024-01-08,2330.44,0.049076716694726796
2024-01-09,2344.29,0.005943083709514019
2024-01-10,2584.38,0.10241480362924382
2024-01-11,2618.01,0.01301279223643581
2024-01-12,2522.54,-0.036466629233654624
2024-01-13,2578.19,0.022061097148112552
2024-01-14,2472.87,-0.04085036401506492
2024-01-15,2511.78,0.01573475354547571
2024-01-16,2587.4,0.03010613986893751
2024-01-17,2530.19,-0.02211099945891626
2024-01-18,2470.81,-0.023468593267699345
2024-01-19,2492.0,0.008576134951695957
2024-01-20,2472.01,-0.008021669341893967
2024-01-21,2457.05,-0.0060517554540636675
2024-01-22,2314.2,-0.05813882501373613
2024-01-23,2242.6,-0.030939417509290412
2024-01-24,2235.02,-0.0033800053509319694
2024-01-25,2218.64,-0.007328793478358131
2024-01-26,2267.68,0.022103631053257855
2024-01-27,2267.94,0.00011465462499127277
2024-01-28,2256.9,-0.0048678536469218825
2024-01-29,2317.6,0.026895298861269845
2024-01-30,2343.01,0.010963928201588091
2024-01-31,2283.14,-0.025552601141267117
2024-02-01,2304.28,0.009259178149390923
2024-02-02,2309.06,0.00207440068047271
2024-02-03,2296.49,-0.0054437736568128114
2024-02-04,2289.79,-0.0029174958305935306
2024-02-05,2301.83,0.005258124107450968
2024-02-06,2372.64,0.030762480287423566
2024-02-07,2425.1,0.022110391799851747
2024-02-08,2419.55,-0.002288565419982569
2024-02-09,2486.56,0.027695232584571405
2024-02-10,2500.24,0.0055015764751302765
2024-02-11,2507.21,0.0027877323776919205
2024-02-12,2659.99,0.060936259826659844
2024-02-13,2639.99,-0.0075188252587415905
2024-02-14,2774.81,0.05106837525899732
2024-02-15,2822.59,0.017219196990064356
2024-02-16,2801.8,-0.007365575588378026
2024-02-17,2785.93,-0.005664215861232225
2024-02-18,2881.2,0.034196839116560795
2024-02-19,2944.8,0.022074135776759762
2024-02-20,3014.81,0.023774110296115092
2024-02-21,2967.9,-0.01555985285971584
2024-02-22,2971.4,0.001179285016341458
2024-02-23,2922.24,-0.016544389849902474
2024-02-24,2992.62,0.024084264126149835
2024-02-25,3112.59,0.04008861800028085
2024-02-26,3175.94,0.020352825139192676
2024-02-27,3242.36,0.020913493327959554
2024-02-28,3383.1,0.04340665441221825
2024-02-29,3340.09,-0.012713192042800858
2024-03-01,3433.43,0.02794535476588944
2024-03-02,3421.4,-0.0035037848448926656
2024-03-03,3487.81,0.01941018296603736
2024-03-04,3627.76,0.040125465550015615
2024-03-05,3553.65,-0.020428584029814623
2024-03-06,3818.59,0.07455433146201784
2024-03-07,3868.76,0.013138357351797358
2024-03-08,3883.36,0.0037738190014371398
2024-03-09,3905.21,0.0056265708046638885
2024-03-10,3878.47,-0.006847263015305249
2024-03-11,4064.8,0.0480421403285316
2024-03-12,3979.96,-0.02087187561503645
2024-03-13,4004.79,0.006238756168403636
2024-03-14,3881.7,-0.030735694006427394
2024-03-15,3742.19,-0.03594043846768158
2024-03-16,3523.09,-0.05854860389237315
2024-03-17,3644.71,0.03452083256459515
2024-03-18,3520.46,-0.03409050377121914
2024-03-19,3158.64,-0.10277634172806971
2024-03-20,3516.53,0.11330509333130734
2024-03-21,3492.85,-0.0067339109861142
2024-03-22,3336.35,-0.04480581759880897
2024-03-23,3329.53,-0.0020441500442098803
2024-03-24,3454.98,0.03767799058725996
2024-03-25,3590.42,0.03920138466792866
2024-03-26,3587.33,-0.0008606235482200297
2024-03-27,3501.19,-0.024012287690287737
2024-03-28,3560.49,0.016937098529357097
2024-03-29,3509.74,-0.014253656097896639
2024-03-30,3505.64,-0.0011681776997726212
2024-03-31,3645.29,0.03983580744172244
2024-04-01,3503.8,-0.038814470179327265
2024-04-02,3278.96,-0.06417032935669853
2024-04-03,3310.83,0.009719545221655634
2024-04-04,3327.4,0.00500478731919185
2024-04-05,3317.85,-0.0028701087936527925
2024-04-06,3351.59,0.010169236101692514
2024-04-07,3454.2,0.03061531989294619
2024-04-08,3694.61,0.06959932835388805
2024-04-09,3506.39,-0.0509444839915445
2024-04-10,3545.64,0.011193848944355933
2024-04-11,3502.52,-0.012161415146489718
2024-04-12,3237.43,-0.07568550643536653
2024-04-13,3007.01,-0.07117373966386908
2024-04-14,3155.11,0.0492515821364079
2024-04-15,3101.99,-0.01683618003809706
2024-04-16,3084.22,-0.0057285806853020205
2024-04-17,2985.41,-0.032037273605644234
2024-04-18,3064.4,0.026458677367597883
2024-04-19,3056.46,-0.002591045555410565
2024-04-20,3155.79,0.03249838047937814
2024-04-21,3147.67,-0.0025730482700052626
2024-04-22,3200.2,0.01668853469391629
2024-04-23,3219.46,0.006018373851634395
2024-04-24,3140.8,-0.024432668832661375
2024-04-25,3155.8,0.004775853285787113
2024-04-26,3131.3,-0.007763483110463265
2024-04-27,3255.56,0.03968319867147829
2024-04-28,3263.45,0.0024235461794590574
2024-04-29,3216.73,-0.014316137829597397
2024-04-30,3014.05,-0.06300808585115936
2024-05-01,2972.46,-0.013798709377747631
2024-05-02,2986.19,0.004619069726758296
2024-05-03,3102.61,0.03898613283146757
2024-05-04,3117.23,0.0047121616961203205
2024-05-05,3136.41,0.006152898566996967
2024-05-06,3062.6,-0.02353327530520566
2024-05-07,3005.69,-0.018582250375497877
2024-05-08,2974.21,-0.01047346865445209
2024-05-09,3036.23,0.02085259615158308
2024-05-10,2909.99,-0.04157787782875477
2024-05-11,2912.45,0.000845363729772286
2024-05-12,2929.29,0.005782073511991781
2024-05-13,2950.99,0.007407938442421047
2024-05-14,2881.93,-0.02340231583299157
2024-05-15,3032.55,0.05226358724882285
2024-05-16,2944.7,-0.02896901947206154
2024-05-17,3092.01,0.05002546948755415
2024-05-18,3122.94,0.0100032018007703
2024-05-19,3071.19,-0.016570923552805983
2024-05-20,3661.78,0.19230005307388987
2024-05-21,3789.6,0.034906520872362456
2024-05-22,3737.73,-0.013687460417986075
2024-05-23,3783.61,0.012274829910132734
2024-05-24,3728.28,-0.014623600212495425
2024-05-25,3749.26,0.005627259755168534
2024-05-26,3826.47,0.020593397097027122
2024-05-27,3894.22,0.017705613790255814
2024-05-28,3844.69,-0.012718849987930714
2024-05-29,3767.43,-0.020095248251484565
2024-05-30,3747.91,-0.0051812508792465906
2024-05-31,3762.29,0.0038368050460122483
2024-06-01,3815.82,0.014228036647892628
2024-06-02,3780.91,-0.009148754396171799
2024-06-03,3767.06,-0.0036631392971533394
2024-06-04,3810.23,0.011459865253008905
2024-06-05,3865.99,0.014634287169015936
2024-06-06,3813.46,-0.013587722679054948
2024-06-07,3678.32,-0.03543763406460276
2024-06-08,3681.57,0.0008835555362229908
2024-06-09,3706.4,0.0067444052401557375
2024-06-10,3667.85,-0.010400928124325581
2024-06-11,3497.33,-0.046490450809057116
2024-06-12,3560.12,0.01795369610531461
2024-06-13,3469.4,-0.025482287113917423
2024-06-14,3481.8,0.003574105032570607
2024-06-15,3568.74,0.024969843184559526
2024-06-16,3624.41,0.015599343185550119
2024-06-17,3511.46,-0.031163692849318858
2024-06-18,3483.42,-0.007985282475095778
2024-06-19,3560.51,0.022130549861917315
2024-06-20,3513.08,-0.013321125344402995
2024-06-21,3518.5,0.0015428057431086106
2024-06-22,3495.75,-0.006465823504334223
2024-06-23,3420.91,-0.021408853607952527
2024-06-24,3352.73,-0.01993036940463211
2024-06-25,3394.91,0.01258079236920362
2024-06-26,3371.44,-0.00691329077943148
2024-06-27,3450.44,0.02343212395890193
2024-06-28,3380.15,-0.02037131496272937
2024-06-29,3378.8,-0.00039939055959048453
2024-06-30,3438.16,0.01756836746773982
2024-07-01,3442.2,0.0011750471182259137
2024-07-02,3421.35,-0.006057172738364924
2024-07-03,3295.48,-0.036789571368027185
2024-07-04,3059.7,-0.07154648184786438
2024-07-05,2981.78,-0.025466549008072548
2024-07-06,3066.83,0.0285232310901542
2024-07-07,2931.0,-0.04429003237871021
2024-07-08,3019.01,0.030027294438758068
2024-07-09,3066.65,0.01578000735340379
2024-07-10,3101.05,0.011217452268762251
2024-07-11,3099.57,-0.0004772577030360825
2024-07-12,3133.88,0.011069277351374529
2024-07-13,3175.93,0.013417871775562418
2024-07-14,3245.08,0.021773149911994416
2024-07-15,3483.39,0.07343732666066782
2024-07-16,3444.13,-0.011270630047166663
2024-07-17,3387.05,-0.01657312586923254
2024-07-18,3426.5,0.011647303700860645
2024-07-19,3503.53,0.022480665402013766
2024-07-20,3517.5,0.003987406986667663
2024-07-21,3535.92,0.005236673773987288
2024-07-22,3439.6,-0.02724043530396625
2024-07-23,3482.51,0.012475287824165626
2024-07-24,3335.81,-0.04212478930426622
2024-07-25,3175.48,-0.04806328897629064
2024-07-26,3274.61,0.031217327774068826
2024-07-27,3249.01,-0.007817724858838138
2024-07-28,3270.16,0.00650967525492363
2024-07-29,3317.66,0.014525283166572978
2024-07-30,3279.21,-0.011589493799846862
2024-07-31,3232.74,-0.014171096087167379
2024-08-01,3203.4,-0.009075892277139452
2024-08-02,2989.61,-0.06673846538053319
2024-08-03,2903.64,-0.028756259177618593
2024-08-04,2688.92,-0.07394856111639181
2024-08-05,2419.59,-0.10016289067729789
2024-08-06,2461.33,0.017250856550076632
2024-08-07,2342.8,-0.04815689078668839
2024-08-08,2682.5,0.14499743896192574
2024-08-09,2598.78,-0.031209692451071636
2024-08-10,2609.92,0.004286626801806914
2024-08-11,2555.38,-0.020897192251103425
2024-08-12,2722.3,0.06532100900844506
2024-08-13,2702.44,-0.007295301766888307
2024-08-14,2661.45,-0.015167774307662807
2024-08-15,2569.89,-0.034402299498393685
2024-08-16,2592.73,0.008887539933615907
2024-08-17,2614.51,0.008400411921025475
2024-08-18,2612.15,-0.0009026547995609757
2024-08-19,2636.36,0.009268227322320799
2024-08-20,2572.82,-0.024101412553672485
2024-08-21,2630.71,0.022500602451784424
2024-08-22,2622.88,-0.002976382801601063
2024-08-23,2762.48,0.05322393704630013
2024-08-24,2768.0,0.0019982045118878133
2024-08-25,2746.13,-0.00790101156069356
2024-08-26,2680.49,-0.023902728567110954
2024-08-27,2457.33,-0.08325343500628613
2024-08-28,2528.33,0.028893148254406142
2024-08-29,2527.61,-0.0002847729528976384
2024-08-30,2526.0,-0.0006369653546235421
2024-08-31,2513.01,-0.005142517814726744
2024-09-01,2425.72,-0.03473523782237253
2024-09-02,2538.01,0.04629141038537021
2024-09-03,2425.29,-0.04441274857073074
2024-09-04,2450.71,0.010481220802460722
2024-09-05,2368.81,-0.03341888677158866
2024-09-06,2225.23,-0.06061271271229007
2024-09-07,2273.58,0.021728091028792473
2024-09-08,2297.3,0.010432885581330043
2024-09-09,2359.5,0.02707526226439727
2024-09-10,2388.52,0.012299215935579477
2024-09-11,2340.55,-0.0200835663925778
2024-09-12,2361.76,0.009061972613274571
2024-09-13,2439.19,0.03278487229862459
2024-09-14,2417.79,-0.008773404285849051
2024-09-15,2316.1,-0.04205907047344892
2024-09-16,2295.68,-0.008816545054185942
2024-09-17,2341.8,0.02008990800111521
2024-09-18,2374.75,0.014070373217183185
2024-09-19,2465.21,0.038092430782187714
2024-09-20,2561.4,0.03901898824035288
2024-09-21,2612.4,0.0199109861794331
2024-09-22,2581.0,-0.01201959883631909
2024-09-23,2646.97,0.025559860519178468
2024-09-24,2653.2,0.002353634533069915
2024-09-25,2579.95,-0.027608171264887682
2024-09-26,2632.26,0.020275586736177242
2024-09-27,2694.43,0.023618487535425725
2024-09-28,2675.21,-0.007133234116306508
2024-09-29,2657.62,-0.00657518475185126
2024-09-30,2602.23,-0.020841956336872802
2024-10-01,2447.79,-0.059349096736260876
2024-10-02,2364.1,-0.03419002447105346
2024-10-03,2349.8,-0.006048813501966843
2024-10-04,2414.41,0.027495957102732005
2024-10-05,2414.66,0.00010354496543674152
2024-10-06,2440.03,0.01050665518126781
2024-10-07,2422.71,-0.007098273381884734
2024-10-08,2440.89,0.007503993461867031
2024-10-09,2370.47,-0.028850132533625117
2024-10-10,2386.49,0.006758153446362991
2024-10-11,2439.5,0.022212538078936195
2024-10-12,2476.4,0.015126050420168013
2024-10-13,2468.91,-0.0030245517686965373
2024-10-14,2629.79,0.06516235909773949
2024-10-15,2607.41,-0.008510185223915223
2024-10-16,2611.1,0.0014151974564797776
2024-10-17,2605.8,-0.0020297958714716735
2024-10-18,2642.17,0.013957325965154643
2024-10-19,2648.2,0.002282214997520793
2024-10-20,2746.91,0.03727437504720199
2024-10-21,2666.7,-0.029200083002355437
2024-10-22,2622.81,-0.016458544268196595
2024-10-23,2524.61,-0.03744076010080788
2024-10-24,2535.82,0.004440289787333462
2024-10-25,2440.62,-0.03754209683652632
2024-10-26,2482.51,0.017163671526087665
2024-10-27,2507.8,0.010187270141912785
2024-10-28,2567.48,0.023797751016827462
2024-10-29,2638.8,0.02777821054107532
2024-10-30,2659.19,0.00772699711990299
2024-10-31,2518.61,-0.052865722268811144
2024-11-01,2511.49,-0.0028269561385051434
2024-11-02,2494.23,-0.006872414383493397
2024-11-03,2457.73,-0.014633774752127904
2024-11-04,2398.21,-0.024217468965264666
2024-11-05,2422.55,0.010149236305411202
2024-11-06,2721.87,0.12355575736310898
2024-11-07,2895.47,0.06377968088115882
2024-11-08,2961.75,0.022890929624551415
2024-11-09,3126.21,0.05552798176753604
2024-11-10,3183.21,0.018232940205552328
2024-11-11,3371.59,0.059179256159662685
2024-11-12,3243.8,-0.03790199876022882
2024-11-13,3187.16,-0.017461002527899505
2024-11-14,3058.82,-0.04026782464639356
2024-11-15,3090.01,0.01019674253470293
2024-11-16,3132.87,0.013870505273445577
2024-11-17,3076.0,-0.01815268427990946
2024-11-18,3207.8,0.04284785435630689
2024-11-19,3107.44,-0.031286239790510706
2024-11-20,3069.97,-0.012058157196921049
2024-11-21,3355.81,0.09310840171076595
2024-11-22,3327.78,-0.008352677892967675
2024-11-23,3393.91,0.019872106930145517
2024-11-24,3361.2,-0.00963785132781958
2024-11-25,3414.49,0.015854456741639877
2024-11-26,3324.73,-0.02628796687060142
2024-11-27,3653.28,0.09882005456082155
2024-11-28,3578.79,-0.020389896202864355
2024-11-29,3592.21,0.0037498707663763398
2024-11-30,3703.6,0.03100876619128612
2024-12-01,3707.61,0.0010827303164488988
2024-12-02,3643.42,-0.017313039936778685
2024-12-03,3614.51,-0.007934852418881144
2024-12-04,3837.8,0.06177600836627928
2024-12-05,3785.2,-0.013705768930116324
2024-12-06,3998.87,0.05644880059177848
2024-12-07,3996.22,-0.0006626872091366476
2024-12-08,4004.15,0.0019843752345967136
2024-12-09,3712.0,-0.0729618021302898
2024-12-10,3628.25,-0.022561961206896575
2024-12-11,3831.81,0.056104182457107354
2024-12-12,3881.61,0.01299646903160645
2024-12-13,3906.8,0.006489575202042408
2024-12-14,3870.29,-0.00934524418961813
2024-12-15,3959.09,0.022944017114996607
2024-12-16,3986.24,0.006857636477069162
2024-12-17,3893.01,-0.02338795456369902
2024-12-18,3626.8,-0.06838153511036449
2024-12-19,3417.01,-0.05784438072129705
2024-12-20,3472.21,0.016154474233320837
2024-12-21,3338.92,-0.038387655124546005
2024-12-22,3281.83,-0.017098343176835673
2024-12-23,3422.53,0.04287242178906281
2024-12-24,3493.18,0.0206426240237485
2024-12-25,3497.0,0.0010935594501286783
2024-12-26,3335.05,-0.046311123820417466
2024-12-27,3333.51,-0.00046176219247084926
2024-12-28,3404.0,0.021145879268398726
2024-12-29,3356.48,-0.013960047003525267
2024-12-30,3361.84,0.0015969110496711902
2024-12-31,3337.78,-0.007156795088403944
2025-01-01,3360.38,0.006770967529315941
2025-01-02,3455.67,0.028356912015902846
2025-01-03,3609.01,0.044373450011141236
2025-01-04,3656.88,0.01326402531442139
2025-01-05,3635.99,-0.005712519962372431
2025-01-06,3687.45,0.014152954216045677
2025-01-07,3381.31,-0.08302214267312091
2025-01-08,3327.29,-0.01597605661710988
2025-01-09,3219.2,-0.03248589693113624
2025-01-10,3267.04,0.014860834990059635
2025-01-11,3282.83,0.004833121112689076
2025-01-12,3267.3,-0.004730674448570227
2025-01-13,3137.51,-0.039723931074587604
2025-01-14,3225.63,0.028085966259868478
2025-01-15,3451.52,0.07002973062626516
2025-01-16,3308.05,-0.04156719358427585
2025-01-17,3473.63,0.05005365698825592
2025-01-18,3307.71,-0.047765593917602045
2025-01-19,3215.12,-0.027992175855803603
2025-01-20,3284.0,0.021423772674114883
2025-01-21,3327.54,0.01325822168087698
2025-01-22,3242.6,-0.02552636482206072
2025-01-23,3338.21,0.029485597976932176
2025-01-24,3310.09,-0.008423676161775306
2025-01-25,3318.77,0.0026222851946622328
2025-01-26,3232.61,-0.02596142546786906
2025-01-27,3182.44,-0.0155199668379421
2025-01-28,3077.72,-0.03290556931159749
2025-01-29,3113.9,0.011755455337067788
2025-01-30,3247.39,0.042869070939978826
2025-01-31,3300.99,0.016505562928998296
2025-02-01,3117.54,-0.055574236819863065
2025-02-02,2869.68,-0.07950499432244662
2025-02-03,2879.9,0.003561372696607279
2025-02-04,2731.19,-0.051637209625334246
2025-02-05,2788.25,0.020891992135296356
2025-02-06,2686.64,-0.036442212857527134
2025-02-07,2622.1,-0.024022570943632138
2025-02-08,2632.46,0.003951031615880396
2025-02-09,2627.18,-0.00200572848210423
2025-02-10,2661.19,0.012945439596830255
2025-02-11,2602.59,-0.022020224035112057
2025-02-12,2738.27,0.05213268321172371
2025-02-13,2675.87,-0.022788110741453593
2025-02-14,2725.95,0.01871540844659858
2025-02-15,2693.04,-0.012072855334837373
2025-02-16,2661.41,-0.011745091049520262
2025-02-17,2744.05,0.03105120969711561
2025-02-18,2671.99,-0.026260454437783687
2025-02-19,2715.5,0.01628374357688478
2025-02-20,2738.04,0.008300497146013663
2025-02-21,2663.0,-0.02740646593913898
2025-02-22,2763.22,0.037634247089748385
2025-02-23,2819.69,0.02043630257453266
2025-02-24,2513.52,-0.10858285839932758
2025-02-25,2495.7,-0.007089659123460379
2025-02-26,2336.37,-0.06384180790960448
2025-02-27,2307.72,-0.012262612514285065
2025-02-28,2237.59,-0.030389301995042528
2025-03-01,2217.39,-0.009027569840766247
2025-03-02,2518.11,0.1356189033052373
2025-03-03,2149.01,-0.14657818760896069
2025-03-04,2171.51,0.010469937319975253
2025-03-05,2241.59,0.03227247399275157
2025-03-06,2202.2,-0.01757234819926945
2025-03-07,2141.6,-0.027517936608845606
2025-03-08,2203.58,0.028940978707508336
2025-03-09,2020.41,-0.08312382577442157
2025-03-10,1865.1,-0.07687053617830053
2025-03-11,1923.43,0.03127446249530874
2025-03-12,1908.2,-0.007918146228352518
2025-03-13,1864.59,-0.02285399853264869
2025-03-14,1911.65,0.025238792442306535
2025-03-15,1937.17,0.013349724060366608
2025-03-16,1887.0,-0.025898604665568925
2025-03-17,1926.31,0.020832008479067188
2025-03-18,1931.54,0.0027150354823470835
2025-03-19,2056.06,0.06446669496878132
2025-03-20,1983.79,-0.0351497524391311
2025-03-21,1965.75,-0.009093704474767983
2025-03-22,1980.69,0.007600152613506328
2025-03-23,2005.99,0.012773326467039325
2025-03-24,2081.2,0.03749270933553994
2025-03-25,2066.15,-0.007231404958677579
2025-03-26,2009.52,-0.027408465019480688
2025-03-27,2003.66,-0.002916119272263984
2025-03-28,1896.9,-0.05328249303774091
2025-03-29,1828.08,-0.03628024671832997
2025-03-30,1807.74,-0.01112642772745176
2025-03-31,1822.43,0.008126168586190419
2025-04-01,1904.98,0.04529666434376067
2025-04-02,1795.22,-0.05761740280737859
2025-04-03,1817.23,0.01226033578057284
2025-04-04,1816.87,-0.00019810370729078652
2025-04-05,1806.01,-0.00597731263106327
2025-04-06,1580.76,-0.12472245447145913
2025-04-07,1553.04,-0.017535868822591727
2025-04-08,1473.41,-0.051273631071962034
2025-04-09,1669.51,0.133092621877142
2025-04-10,1522.25,-0.08820552138052484
2025-04-11,1566.85,0.029298735424535982
2025-04-12,1644.18,0.04935379902351866
2025-04-13,1597.76,-0.02823291853689991
2025-04-14,1623.77,0.016279040656919763
2025-04-15,1588.78,-0.02154861833880417
2025-04-16,1577.14,-0.007326376213194985
2025-04-17,1583.62,0.004108703095476507
2025-04-18,1588.6,0.003144693802806131
2025-04-19,1613.27,0.015529396953292363
2025-04-20,1587.36,-0.01606054783142319
2025-04-21,1579.57,-0.0049075194032859315
2025-04-22,1756.26,0.11185955671480219
2025-04-23,1795.07,0.022098094815118374
2025-04-24,1769.65,-0.014161007648726742
2025-04-25,1784.6,0.008447998191732697
2025-04-26,1820.88,0.02032948559901393
2025-04-27,1791.29,-0.01625038442950666
2025-04-28,1799.88,0.004795426759486299
2025-04-29,1797.81,-0.001150076671778244
2025-04-30,1793.61,-0.0023361756804112233
2025-05-01,1838.11,0.02481029878290153
2025-05-02,1842.2,0.002225111663611168
2025-05-03,1833.52,-0.0047117576810336015
2025-05-04,1808.86,-0.013449539683232259
2025-05-05,1820.19,0.0062636135466538345
2025-05-06,1817.0,-0.0017525642927387342
2025-05-07,1811.11,-0.003241607044578987
2025-05-08,2207.39,0.2188050422116823
2025-05-09,2345.04,0.06235871323146336
2025-05-10,2583.23,0.1015718281990925
2025-05-11,2514.57,-0.02657912768123627
2025-05-12,2495.47,-0.007595732073475969
2025-05-13,2679.71,0.0738297795605638
2025-05-14,2609.74,-0.026111034402976574
2025-05-15,2548.69,-0.02339313494830897
2025-05-16,2537.12,-0.00453958700351953
2025-05-17,2475.08,-0.024452922999306237
2025-05-18,2497.78,0.009171420721754586
2025-05-19,2528.14,0.012154793456589319
2025-05-20,2524.19,-0.001562413473937263
2025-05-21,2550.99,0.010617267321398005
2025-05-22,2664.82,0.044621891892951515
2025-05-23,2526.5,-0.05190594486682032
2025-05-24,2530.4,0.0015436374431030409
2025-05-25,2551.22,0.008227948150489883
2025-05-26,2563.7,0.004891777267346686
2025-05-27,2660.81,0.0378788469789757
2025-05-28,2681.6,0.007813410202156534
2025-05-29,2631.39,-0.01872389618138426
2025-05-30,2531.34,-0.038021729960211026
2025-05-31,2528.06,-0.0012957563977973319
2025-06-01,2539.21,0.004410496586315205
2025-06-02,2607.41,0.026858747405689165
2025-06-03,2593.36,-0.00538848896030919
2025-06-04,2607.68,0.005521794120368906
2025-06-05,2414.01,-0.0742690820959625
2025-06-06,2476.1,0.02572068881239087
2025-06-07,2524.63,0.019599369976980086
2025-06-08,2509.83,-0.005862245160677126
2025-06-09,2680.13,0.06785320121283123
2025-06-10,2816.4,0.05084454858532972
2025-06-11,2771.61,-0.015903280783979512
2025-06-12,2642.65,-0.04652891279797666
2025-06-13,2579.19,-0.024013774052560888
2025-06-14,2530.76,-0.018777213000980897
2025-06-15,2547.61,0.006658078996032879
2025-06-16,2544.17,-0.0013502851692370754
2025-06-17,2509.95,-0.013450359056195293
2025-06-18,2525.0,0.005996135381183043
2025-06-19,2521.12,-0.0015366336633664268
2025-06-20,2406.49,-0.0454678872881894
2025-06-21,2295.73,-0.04602553927088826
2025-06-22,2227.7,-0.02963327569008556
2025-06-23,2411.66,0.08257844413520665
2025-06-24,2448.45,0.015255052536427227
2025-06-25,2418.49,-0.012236312769303037
2025-06-26,2415.96,-0.0010461072818161998
2025-06-27,2423.17,0.0029843209324658115
2025-06-28,2435.62,0.005137897877573572
2025-06-29,2500.09,0.026469646332350827
2025-06-30,2485.47,-0.005847789479578869
2025-07-01,2405.01,-0.03237214691788659
2025-07-02,2570.41,0.06877310281454108
2025-07-03,2591.25,0.00810765597706209
2025-07-04,2508.04,-0.03211191509889055
2025-07-05,2516.41,0.0033372673482081616
2025-07-06,2570.35,0.02143529869933758
2025-07-07,2542.29,-0.01091680121384242
2025-07-08,2615.25,0.028698535572259765
2025-07-09,2768.74,0.058690373769238136
2025-07-10,2951.29,0.06593251804069733
2025-07-11,2958.22,0.0023481257348481055
2025-07-12,2943.28,-0.005050334322666883
2025-07-13,2972.03,0.009768013916446883
2025-07-14,3013.62,0.013993802215993778
2025-07-15,3137.89,0.04123612134243859
2025-07-16,3371.35,0.07440031358651833
2025-07-17,3476.87,0.03129903451139748
2025-07-18,3546.92,0.020147431454152764
2025-07-19,3592.01,0.012712437833387824
2025-07-20,3756.69,0.04584619753285768
2025-07-21,3762.33,0.0015013216421901898
2025-07-22,3746.21,-0.004284578971009978
2025-07-23,3628.29,-0.03147714623579567
2025-07-24,3706.94,0.0216768780885761
2025-07-25,3724.96,0.004861152325098317
2025-07-26,3741.1,0.004332932434173653
2025-07-27,3872.1,0.03501643901526297
2025-07-28,3799.0,-0.01887864466310274
2025-07-29,3793.79,-0.001371413529876242
2025-07-30,3810.0,0.004272772082798415
2025-07-31,3698.39,-0.029293963254593214
2025-08-01,3488.2,-0.056832838072783054
2025-08-02,3393.94,-0.027022533111633495
2025-08-03,3496.74,0.0302892803054855
2025-08-04,3720.99,0.06413116216819104
2025-08-05,3612.0,-0.029290592019865613
2025-08-06,3683.31,0.019742524916943616
2025-08-07,3910.31,0.06162934968818812
2025-08-08,4009.5,0.025366275308095876
2025-08-09,4260.62,0.0626312507793989
2025-08-10,4250.57,-0.0023588116283546068
2025-08-11,4223.22,-0.006434431146881359
2025-08-12,4590.52,0.08697155251206423
2025-08-13,4749.3,0.03458867404999855
2025-08-14,4546.84,-0.042629440128018836
2025-08-15,4439.47,-0.023614202391111117
2025-08-16,4421.99,-0.0039374069427207115
2025-08-17,4472.33,0.011384014889224137
2025-08-18,4312.99,-0.03562796126403911
2025-08-19,4075.59,-0.05504302119875071
2025-08-20,4336.16,0.06393430153670998
2025-08-21,4225.3,-0.025566399763846226
2025-08-22,4832.07,0.14360400444938803
2025-08-23,4778.4,-0.011107041081772406
2025-08-24,4780.15,0.000366231374518744
2025-08-25,4376.18,-0.0845099003169355
2025-08-26,4600.63,0.05128902376044864
2025-08-27,4506.71,-0.020414595392370227
2025-08-28,4511.21,0.0009985111089907406
2025-08-29,4360.18,-0.033478822754870574
2025-08-30,4373.7,0.003100789416950578
2025-08-31,4391.83,0.004145231725998677
2025-09-01,4314.5,-0.017607694286891795
2025-09-02,4326.5,0.002781318808668498
2025-09-03,4450.46,0.028651334797180184
2025-09-04,4297.55,-0.03435824611388483
2025-09-05,4307.45,0.002303638119393492
2025-09-06,4273.14,-0.00796526947497933
2025-09-07,4306.19,0.007734359276784675
2025-09-08,4306.37,4.180029213762815e-05
2025-09-09,4310.09,0.0008638365955551119
2025-09-10,4349.32,0.00910189810421591
2025-09-11,4458.82,0.025176349406343945
2025-09-12,4712.16,0.05681772307471489
2025-09-13,4666.53,-0.009683457268004458
2025-09-14,4604.49,-0.013294675058341032
2025-09-15,4523.74,-0.01753722996466489
2025-09-16,4501.29,-0.004962707847931069
2025-09-17,4590.53,0.01982542782180219
2025-09-18,4587.66,-0.000625200140288773
2025-09-19,4468.59,-0.025954408129634676
2025-09-20,4480.42,0.002647367514137633
2025-09-21,4444.97,-0.00791220465938458
2025-09-22,4199.08,-0.05531870856271248
2025-09-23,4164.26,-0.008292292597426032
2025-09-24,4152.81,-0.0027495881621224516
2025-09-25,3874.36,-0.06705098475490101
2025-09-26,4032.24,0.040749956121785225
2025-09-27,4018.38,-0.003437295399083329
2025-09-28,4142.16,0.030803458109984527
2025-09-29,4215.07,0.017601927496764924
2025-09-30,4145.15,-0.016588099367270348
2025-10-01,4348.03,0.04894394653993217
2025-10-02,4484.35,0.03135212958512268
2025-10-03,4512.87,0.006359896083044214
2025-10-04,4487.15,-0.005699255684298521
2025-10-05,4514.32,0.006055068361877858
2025-10-06,4684.01,0.037589271473887687
2025-10-07,4447.7,-0.05045036197617003
2025-10-08,4525.72,0.01754165074083236
2025-10-09,4368.09,-0.034829817134069296
2025-10-10,3829.72,-0.12325066562273224
2025-10-11,3746.79,-0.02165432459814287
2025-10-12,4152.29,0.10822597476773455
2025-10-13,4240.85,0.021327990097030902
2025-10-14,4125.02,-0.02731292075881009
2025-10-15,3998.78,-0.03060348798308865
